<?xml version="1.0" encoding="UTF-8"?>
<project-private xmlns="http://www.netbeans.org/ns/project-private/1">
    <editor-bookmarks xmlns="http://www.netbeans.org/ns/editor-bookmarks/2" lastBookmarkId="0"/>
    <open-files xmlns="http://www.netbeans.org/ns/projectui-open-files/2">
        <group>
            <file>file:/D:/data/rgi20802/Documents/NetBeansProjects/JSaberLowLevel/src/jsaberlowlevel/instructions/Laser.java</file>
            <file>file:/D:/data/rgi20802/Documents/NetBeansProjects/JSaberLowLevel/src/jsaberlowlevel/instructions/Move.java</file>
            <file>file:/D:/data/rgi20802/Documents/NetBeansProjects/JSaberLowLevel/src/jsaberlowlevel/LaserCutter.java</file>
            <file>file:/D:/data/rgi20802/Documents/NetBeansProjects/JSaberLowLevel/src/jsaberlowlevel/JSaberLowLevel.java</file>
        </group>
    </open-files>
</project-private>
